countrycode,coveragetype,year,datatype,comparability
AGO,3,2000,1,0
AGO,3,2008,1,1
ALB,3,1996,1,0
ALB,3,2002,1,1
ALB,3,2005,1,1
ALB,3,2008,1,1
ALB,3,2012,1,1
ARG,2,1980,2,0
ARG,2,1986,2,0
ARG,2,1987,2,0
ARG,2,1991,2,1
ARG,2,1992,2,1
ARG,2,1993,2,1
ARG,2,1994,2,1
ARG,2,1995,2,1
ARG,2,1996,2,1
ARG,2,1997,2,1
ARG,2,1998,2,1
ARG,2,1999,2,1
ARG,2,2000,2,1
ARG,2,2001,2,1
ARG,2,2002,2,1
ARG,2,2003,2,2
ARG,2,2004,2,2
ARG,2,2005,2,2
ARG,2,2006,2,2
ARG,2,2007,2,2
ARG,2,2008,2,2
ARG,2,2009,2,2
ARG,2,2010,2,2
ARG,2,2011,2,2
ARG,2,2012,2,2
ARG,2,2013,2,2
ARG,2,2014,2,2
ARG,2,2016,2,2
ARG,2,2017,2,2
ARM,3,1996,2,0
ARM,3,1999,1,1
ARM,3,2001,1,1
ARM,3,2002,1,1
ARM,3,2003,1,1
ARM,3,2004,1,1
ARM,3,2005,1,1
ARM,3,2006,1,1
ARM,3,2007,1,1
ARM,3,2008,1,1
ARM,3,2009,1,1
ARM,3,2010,1,1
ARM,3,2011,1,1
ARM,3,2012,1,1
ARM,3,2013,1,1
ARM,3,2014,1,1
ARM,3,2015,1,1
ARM,3,2016,1,1
ARM,3,2017,1,1
AUS,3,1981,2,0
AUS,3,1985,2,0
AUS,3,1989,2,0
AUS,3,1995,2,0
AUS,3,2001,2,0
AUS,3,2003,2,0
AUS,3,2004,2,0
AUS,3,2008,2,0
AUS,3,2010,2,0
AUS,3,2014,2,0
AUT,3,2003,2,0
AUT,3,2004,2,0
AUT,3,2005,2,0
AUT,3,2006,2,0
AUT,3,2007,2,0
AUT,3,2008,2,0
AUT,3,2009,2,0
AUT,3,2010,2,0
AUT,3,2011,2,0
AUT,3,2012,2,0
AUT,3,2013,2,0
AUT,3,2014,2,0
AUT,3,2015,2,0
AZE,3,1995,1,0
AZE,3,2001,1,1
AZE,3,2002,1,1
AZE,3,2003,1,1
AZE,3,2004,1,1
AZE,3,2005,1,1
BDI,3,1992,1,0
BDI,3,1998,1,1
BDI,3,2006,1,1
BDI,3,2013,1,1
BEL,3,2003,2,0
BEL,3,2004,2,0
BEL,3,2005,2,0
BEL,3,2006,2,0
BEL,3,2007,2,0
BEL,3,2008,2,0
BEL,3,2009,2,0
BEL,3,2010,2,0
BEL,3,2011,2,0
BEL,3,2012,2,0
BEL,3,2013,2,0
BEL,3,2014,2,0
BEL,3,2015,2,0
BEN,3,2003,1,0
BEN,3,2011,1,1
BEN,3,2015,1,1
BFA,3,1994,1,0
BFA,3,1998,1,1
BFA,3,2003,1,1
BFA,3,2009,1,2
BFA,3,2014,1,3
BGD,3,1983,1,0
BGD,3,1985,1,0
BGD,3,1988,1,0
BGD,3,1991,1,1
BGD,3,1995,1,1
BGD,3,2000,1,2
BGD,3,2005,1,2
BGD,3,2010,1,2
BGD,3,2016,1,2
BGR,3,1989,1,0
BGR,3,1992,2,1
BGR,3,1994,1,0
BGR,3,1995,1,3
BGR,3,1997,1,2
BGR,3,2001,1,3
BGR,3,2003,1,4
BGR,3,2006,2,5
BGR,3,2007,1,4
BGR,3,2007,2,5
BGR,3,2008,2,5
BGR,3,2009,2,5
BGR,3,2010,2,5
BGR,3,2011,2,5
BGR,3,2012,2,5
BGR,3,2013,2,5
BGR,3,2014,2,5
BIH,3,2001,1,0
BIH,3,2004,1,0
BIH,3,2007,1,1
BIH,3,2011,1,1
BLR,3,1993,2,0
BLR,3,1995,2,0
BLR,3,1998,1,1
BLR,3,1999,1,1
BLR,3,2000,1,1
BLR,3,2001,1,1
BLR,3,2002,1,1
BLR,3,2003,1,1
BLR,3,2004,1,1
BLR,3,2005,1,1
BLR,3,2006,1,1
BLR,3,2007,1,1
BLR,3,2008,1,1
BLR,3,2009,1,1
BLR,3,2010,1,1
BLR,3,2011,1,1
BLR,3,2012,1,1
BLR,3,2013,1,1
BLR,3,2014,1,1
BLR,3,2015,1,1
BLR,3,2016,1,1
BLR,3,2017,1,1
BLZ,3,1993,2,0
BLZ,3,1994,2,0
BLZ,3,1995,1,1
BLZ,3,1996,2,2
BLZ,3,1997,2,0
BLZ,3,1998,2,0
BLZ,3,1999,2,0
BOL,3,1990,2,0
BOL,2,1992,2,0
BOL,3,1997,2,1
BOL,3,1999,2,2
BOL,3,2000,2,2
BOL,3,2001,2,3
BOL,3,2002,2,4
BOL,3,2004,2,4
BOL,3,2005,2,4
BOL,3,2006,2,4
BOL,3,2007,2,4
BOL,3,2008,2,4
BOL,3,2009,2,4
BOL,3,2011,2,4
BOL,3,2012,2,4
BOL,3,2013,2,4
BOL,3,2014,2,4
BOL,3,2015,2,4
BOL,3,2016,2,4
BOL,3,2017,2,4
BRA,3,1981,2,0
BRA,3,1982,2,0
BRA,3,1983,2,0
BRA,3,1984,2,0
BRA,3,1985,2,0
BRA,3,1986,2,0
BRA,3,1987,2,0
BRA,3,1988,2,0
BRA,3,1989,2,0
BRA,3,1990,2,0
BRA,3,1992,2,0
BRA,3,1993,2,0
BRA,3,1995,2,0
BRA,3,1996,2,0
BRA,3,1997,2,0
BRA,3,1998,2,0
BRA,3,1999,2,0
BRA,3,2001,2,0
BRA,3,2002,2,0
BRA,3,2003,2,0
BRA,3,2004,2,0
BRA,3,2005,2,0
BRA,3,2006,2,0
BRA,3,2007,2,0
BRA,3,2008,2,0
BRA,3,2009,2,0
BRA,3,2011,2,0
BRA,3,2012,2,0
BRA,3,2013,2,0
BRA,3,2014,2,0
BRA,3,2015,2,0
BRA,3,2016,2,1
BRA,3,2017,2,1
BTN,3,2003,1,0
BTN,3,2007,1,1
BTN,3,2012,1,1
BTN,3,2017,1,1
BWA,3,1985,1,0
BWA,3,1993,1,0
BWA,3,2002,1,1
BWA,3,2009,1,1
BWA,3,2015,1,1
CAF,3,1992,1,0
CAF,3,2003,1,1
CAF,3,2008,1,2
CAN,3,1981,2,0
CAN,3,1987,2,0
CAN,3,1991,2,0
CAN,3,1994,2,0
CAN,3,1997,2,0
CAN,3,1998,2,1
CAN,3,2000,2,1
CAN,3,2004,2,1
CAN,3,2007,2,1
CAN,3,2010,2,1
CAN,3,2013,2,1
CHE,3,2006,2,0
CHE,3,2007,2,0
CHE,3,2008,2,0
CHE,3,2009,2,0
CHE,3,2010,2,0
CHE,3,2011,2,0
CHE,3,2012,2,0
CHE,3,2013,2,0
CHE,3,2014,2,0
CHE,3,2015,2,0
CHL,3,1987,2,0
CHL,3,1990,2,0
CHL,3,1992,2,0
CHL,3,1994,2,0
CHL,3,1996,2,0
CHL,3,1998,2,0
CHL,3,2000,2,0
CHL,3,2003,2,0
CHL,3,2006,2,0
CHL,3,2009,2,0
CHL,3,2011,2,0
CHL,3,2013,2,0
CHL,3,2015,2,0
CHL,3,2017,2,0
CHN,1,1981,2,0
CHN,2,1981,2,0
CHN,4,1981,2,0
CHN,1,1984,2,0
CHN,2,1984,2,0
CHN,4,1984,2,0
CHN,1,1987,2,0
CHN,2,1987,2,0
CHN,4,1987,2,0
CHN,1,1990,1,1
CHN,2,1990,1,1
CHN,4,1990,1,1
CHN,1,1993,1,1
CHN,2,1993,1,1
CHN,4,1993,1,1
CHN,1,1996,1,1
CHN,2,1996,1,1
CHN,4,1996,1,1
CHN,1,1999,1,1
CHN,2,1999,1,1
CHN,4,1999,1,1
CHN,1,2002,1,1
CHN,2,2002,1,1
CHN,4,2002,1,1
CHN,1,2005,1,1
CHN,2,2005,1,1
CHN,4,2005,1,1
CHN,1,2008,1,1
CHN,2,2008,1,1
CHN,4,2008,1,1
CHN,1,2010,1,1
CHN,2,2010,1,1
CHN,4,2010,1,1
CHN,1,2011,1,1
CHN,2,2011,1,1
CHN,4,2011,1,1
CHN,1,2012,1,1
CHN,2,2012,1,1
CHN,4,2012,1,1
CHN,1,2013,1,2
CHN,2,2013,1,2
CHN,4,2013,1,2
CHN,1,2014,1,2
CHN,2,2014,1,2
CHN,4,2014,1,2
CHN,1,2015,1,2
CHN,2,2015,1,2
CHN,4,2015,1,2
CIV,3,1985,1,0
CIV,3,1986,1,0
CIV,3,1987,1,0
CIV,3,1988,1,0
CIV,3,1992,1,1
CIV,3,1995,1,1
CIV,3,1998,1,1
CIV,3,2002,1,2
CIV,3,2008,1,2
CIV,3,2015,1,2
CMR,3,1996,1,0
CMR,3,2001,1,1
CMR,3,2007,1,1
CMR,3,2014,1,1
COD,3,2004,1,0
COD,3,2012,1,0
COG,3,2005,1,0
COG,3,2011,1,0
COL,2,1980,2,0
COL,2,1988,2,1
COL,2,1989,2,1
COL,2,1991,2,1
COL,3,1992,2,1
COL,3,1996,2,1
COL,3,1999,2,1
COL,3,2000,2,1
COL,3,2001,2,2
COL,3,2002,2,2
COL,3,2003,2,2
COL,3,2004,2,2
COL,3,2005,2,2
COL,3,2008,2,3
COL,3,2009,2,3
COL,3,2010,2,3
COL,3,2011,2,3
COL,3,2012,2,3
COL,3,2013,2,3
COL,3,2014,2,3
COL,3,2015,2,3
COL,3,2016,2,3
COL,3,2017,2,3
COM,3,2004,1,0
COM,3,2013,1,1
CPV,3,2001,1,0
CPV,3,2007,1,1
CRI,3,1981,2,0
CRI,3,1986,2,0
CRI,3,1989,2,1
CRI,3,1990,2,1
CRI,3,1991,2,1
CRI,3,1992,2,1
CRI,3,1993,2,1
CRI,3,1994,2,1
CRI,3,1995,2,1
CRI,3,1996,2,1
CRI,3,1997,2,1
CRI,3,1998,2,1
CRI,3,1999,2,1
CRI,3,2000,2,1
CRI,3,2001,2,1
CRI,3,2002,2,1
CRI,3,2003,2,1
CRI,3,2004,2,1
CRI,3,2005,2,1
CRI,3,2006,2,1
CRI,3,2007,2,1
CRI,3,2008,2,1
CRI,3,2009,2,1
CRI,3,2010,2,2
CRI,3,2011,2,2
CRI,3,2012,2,2
CRI,3,2013,2,2
CRI,3,2014,2,2
CRI,3,2015,2,2
CRI,3,2016,2,2
CRI,3,2017,2,2
CYP,3,2004,2,0
CYP,3,2005,2,0
CYP,3,2006,2,0
CYP,3,2007,2,0
CYP,3,2008,2,0
CYP,3,2009,2,0
CYP,3,2010,2,0
CYP,3,2011,2,0
CYP,3,2012,2,0
CYP,3,2013,2,0
CYP,3,2014,2,0
CYP,3,2015,2,0
CZE,3,1993,2,0
CZE,3,1996,2,0
CZE,3,2004,2,1
CZE,3,2005,2,1
CZE,3,2006,2,1
CZE,3,2007,2,1
CZE,3,2008,2,1
CZE,3,2009,2,1
CZE,3,2010,2,1
CZE,3,2011,2,1
CZE,3,2012,2,1
CZE,3,2013,2,1
CZE,3,2014,2,1
CZE,3,2015,2,1
DEU,3,1991,2,0
DEU,3,1994,2,0
DEU,3,1995,2,0
DEU,3,1998,2,0
DEU,3,2000,2,0
DEU,3,2001,2,0
DEU,3,2002,2,0
DEU,3,2003,2,0
DEU,3,2004,2,0
DEU,3,2005,2,0
DEU,3,2006,2,0
DEU,3,2007,2,0
DEU,3,2008,2,0
DEU,3,2009,2,0
DEU,3,2010,2,0
DEU,3,2011,2,0
DEU,3,2013,2,0
DEU,3,2015,2,0
DJI,3,2002,1,0
DJI,3,2012,1,1
DJI,3,2013,1,2
DJI,3,2017,1,3
DNK,3,2003,2,0
DNK,3,2004,2,0
DNK,3,2005,2,0
DNK,3,2006,2,0
DNK,3,2007,2,0
DNK,3,2008,2,0
DNK,3,2009,2,0
DNK,3,2010,2,0
DNK,3,2011,2,0
DNK,3,2012,2,0
DNK,3,2013,2,0
DNK,3,2014,2,0
DNK,3,2015,2,0
DOM,3,1986,2,0
DOM,3,1989,2,1
DOM,3,1992,2,2
DOM,3,1996,2,3
DOM,3,1997,2,3
DOM,3,2000,2,3
DOM,3,2001,2,4
DOM,3,2002,2,4
DOM,3,2003,2,4
DOM,3,2004,2,4
DOM,3,2005,2,5
DOM,3,2006,2,5
DOM,3,2007,2,5
DOM,3,2008,2,5
DOM,3,2009,2,5
DOM,3,2010,2,5
DOM,3,2011,2,5
DOM,3,2012,2,5
DOM,3,2013,2,5
DOM,3,2014,2,5
DOM,3,2015,2,5
DOM,3,2016,2,5
DZA,3,1988,1,0
DZA,3,1995,1,1
DZA,3,2011,1,2
ECU,3,1987,2,0
ECU,3,1994,2,1
ECU,2,1995,2,2
ECU,3,1998,2,3
ECU,3,1999,2,3
ECU,3,2000,2,4
ECU,3,2003,2,4
ECU,3,2004,2,4
ECU,3,2005,2,4
ECU,3,2006,2,4
ECU,3,2007,2,5
ECU,3,2008,2,5
ECU,3,2009,2,5
ECU,3,2010,2,5
ECU,3,2011,2,5
ECU,3,2012,2,5
ECU,3,2013,2,5
ECU,3,2014,2,5
ECU,3,2015,2,5
ECU,3,2016,2,5
ECU,3,2017,2,5
EGY,3,1990,1,0
EGY,3,1995,1,0
EGY,3,1999,1,1
EGY,3,2004,1,2
EGY,3,2008,1,2
EGY,3,2010,1,3
EGY,3,2012,1,3
EGY,3,2015,1,3
ESP,3,2003,2,0
ESP,3,2004,2,0
ESP,3,2005,2,0
ESP,3,2006,2,0
ESP,3,2007,2,0
ESP,3,2008,2,0
ESP,3,2009,2,0
ESP,3,2010,2,0
ESP,3,2011,2,0
ESP,3,2012,2,0
ESP,3,2013,2,0
ESP,3,2014,2,0
ESP,3,2015,2,0
EST,3,1993,2,0
EST,3,1995,1,1
EST,3,1998,1,1
EST,3,2000,1,2
EST,3,2001,1,2
EST,3,2002,1,2
EST,3,2003,1,2
EST,3,2003,2,3
EST,3,2004,1,2
EST,3,2004,2,3
EST,3,2005,2,3
EST,3,2006,2,3
EST,3,2007,2,3
EST,3,2008,2,3
EST,3,2009,2,3
EST,3,2010,2,3
EST,3,2011,2,3
EST,3,2012,2,3
EST,3,2013,2,3
EST,3,2014,2,3
EST,3,2015,2,3
ETH,1,1981,1,0
ETH,3,1995,1,1
ETH,3,1999,1,1
ETH,3,2004,1,1
ETH,3,2010,1,1
ETH,3,2015,1,1
FIN,3,2003,2,0
FIN,3,2004,2,0
FIN,3,2005,2,0
FIN,3,2006,2,0
FIN,3,2007,2,0
FIN,3,2008,2,0
FIN,3,2009,2,0
FIN,3,2010,2,0
FIN,3,2011,2,0
FIN,3,2012,2,0
FIN,3,2013,2,0
FIN,3,2014,2,0
FIN,3,2015,2,0
FJI,3,2002,1,0
FJI,3,2008,1,0
FJI,3,2013,1,0
FRA,3,2003,2,0
FRA,3,2004,2,0
FRA,3,2005,2,0
FRA,3,2006,2,0
FRA,3,2007,2,0
FRA,3,2008,2,0
FRA,3,2009,2,0
FRA,3,2010,2,0
FRA,3,2011,2,0
FRA,3,2012,2,0
FRA,3,2013,2,0
FRA,3,2014,2,0
FRA,3,2015,2,0
FSM,2,2000,2,0
FSM,3,2005,1,1
FSM,3,2013,1,2
GAB,3,2005,1,0
GAB,3,2017,1,1
GBR,3,2004,2,0
GBR,3,2005,2,0
GBR,3,2006,2,0
GBR,3,2007,2,0
GBR,3,2008,2,0
GBR,3,2009,2,0
GBR,3,2010,2,0
GBR,3,2011,2,0
GBR,3,2012,2,0
GBR,3,2013,2,0
GBR,3,2014,2,0
GBR,3,2015,2,0
GEO,3,1996,1,0
GEO,3,1997,1,1
GEO,3,1998,1,2
GEO,3,1999,1,2
GEO,3,2000,1,2
GEO,3,2001,1,2
GEO,3,2002,1,2
GEO,3,2003,1,2
GEO,3,2004,1,2
GEO,3,2005,1,2
GEO,3,2006,1,2
GEO,3,2007,1,2
GEO,3,2008,1,2
GEO,3,2009,1,2
GEO,3,2010,1,2
GEO,3,2011,1,2
GEO,3,2012,1,2
GEO,3,2013,1,2
GEO,3,2014,1,2
GEO,3,2015,1,2
GEO,3,2016,1,2
GEO,3,2017,1,2
GHA,3,1987,1,0
GHA,3,1988,1,0
GHA,3,1991,1,1
GHA,3,1998,1,1
GHA,3,2005,1,1
GHA,3,2012,1,1
GHA,3,2016,1,1
GIN,3,1991,1,0
GIN,3,1994,1,1
GIN,3,2002,1,2
GIN,3,2007,1,3
GIN,3,2012,1,3
GMB,3,1998,1,0
GMB,3,2003,1,1
GMB,3,2010,1,2
GMB,3,2015,1,2
GNB,3,1991,1,0
GNB,3,1993,1,1
GNB,3,2002,1,2
GNB,3,2010,1,3
GRC,3,2003,2,0
GRC,3,2004,2,0
GRC,3,2005,2,0
GRC,3,2006,2,0
GRC,3,2007,2,0
GRC,3,2008,2,0
GRC,3,2009,2,0
GRC,3,2010,2,0
GRC,3,2011,2,0
GRC,3,2012,2,0
GRC,3,2013,2,0
GRC,3,2014,2,0
GRC,3,2015,2,0
GTM,3,1986,2,0
GTM,3,1989,2,0
GTM,3,1998,2,1
GTM,3,2000,2,2
GTM,3,2006,2,2
GTM,3,2014,2,2
GUY,3,1992,2,0
GUY,3,1998,2,0
HND,2,1986,2,0
HND,3,1989,2,1
HND,3,1990,2,2
HND,3,1991,2,3
HND,3,1992,2,3
HND,3,1993,2,3
HND,3,1994,2,3
HND,3,1995,2,3
HND,3,1996,2,3
HND,3,1997,2,3
HND,3,1998,2,3
HND,3,1999,2,3
HND,3,2001,2,4
HND,3,2002,2,4
HND,3,2003,2,4
HND,3,2004,2,4
HND,3,2005,2,4
HND,3,2006,2,4
HND,3,2007,2,4
HND,3,2008,2,4
HND,3,2009,2,4
HND,3,2010,2,4
HND,3,2011,2,4
HND,3,2012,2,4
HND,3,2013,2,4
HND,3,2014,2,4
HND,3,2015,2,4
HND,3,2016,2,4
HND,3,2017,2,4
HRV,3,1988,2,0
HRV,3,1998,1,1
HRV,3,1999,1,2
HRV,3,2000,1,2
HRV,3,2001,1,2
HRV,3,2004,1,1
HRV,3,2008,1,1
HRV,3,2009,1,1
HRV,3,2009,2,3
HRV,3,2010,1,1
HRV,3,2010,2,3
HRV,3,2011,2,3
HRV,3,2012,2,3
HRV,3,2013,2,3
HRV,3,2014,2,3
HRV,3,2015,2,3
HTI,3,2001,2,0
HTI,3,2012,1,1
HTI,3,2012,2,1
HUN,3,1987,2,0
HUN,3,1989,2,0
HUN,3,1993,2,0
HUN,3,1998,1,1
HUN,3,1999,1,1
HUN,3,2000,1,1
HUN,3,2001,1,1
HUN,3,2002,1,1
HUN,3,2003,1,1
HUN,3,2004,1,1
HUN,3,2004,2,2
HUN,3,2005,1,1
HUN,3,2005,2,2
HUN,3,2006,1,1
HUN,3,2006,2,2
HUN,3,2007,1,1
HUN,3,2007,2,2
HUN,3,2008,2,2
HUN,3,2009,2,2
HUN,3,2010,2,2
HUN,3,2011,2,2
HUN,3,2012,2,2
HUN,3,2013,2,2
HUN,3,2014,2,2
HUN,3,2015,2,2
IDN,1,1984,1,0
IDN,2,1984,1,0
IDN,4,1984,1,0
IDN,1,1987,1,0
IDN,2,1987,1,0
IDN,4,1987,1,0
IDN,1,1990,1,0
IDN,2,1990,1,0
IDN,4,1990,1,0
IDN,1,1993,1,1
IDN,2,1993,1,1
IDN,4,1993,1,1
IDN,1,1996,1,1
IDN,2,1996,1,1
IDN,4,1996,1,1
IDN,1,1998,1,1
IDN,2,1998,1,1
IDN,4,1998,1,1
IDN,1,1999,1,1
IDN,2,1999,1,1
IDN,4,1999,1,1
IDN,1,2000,1,2
IDN,2,2000,1,2
IDN,4,2000,1,2
IDN,1,2001,1,2
IDN,2,2001,1,2
IDN,4,2001,1,2
IDN,1,2002,1,2
IDN,2,2002,1,2
IDN,4,2002,1,2
IDN,1,2003,1,2
IDN,2,2003,1,2
IDN,4,2003,1,2
IDN,1,2004,1,2
IDN,2,2004,1,2
IDN,4,2004,1,2
IDN,1,2005,1,3
IDN,2,2005,1,3
IDN,4,2005,1,3
IDN,1,2006,1,3
IDN,2,2006,1,3
IDN,4,2006,1,3
IDN,1,2007,1,3
IDN,2,2007,1,3
IDN,4,2007,1,3
IDN,1,2008,1,3
IDN,2,2008,1,3
IDN,4,2008,1,3
IDN,1,2009,1,3
IDN,2,2009,1,3
IDN,4,2009,1,3
IDN,1,2010,1,3
IDN,2,2010,1,3
IDN,4,2010,1,3
IDN,1,2011,1,4
IDN,2,2011,1,4
IDN,4,2011,1,4
IDN,1,2012,1,4
IDN,2,2012,1,4
IDN,4,2012,1,4
IDN,1,2013,1,4
IDN,2,2013,1,4
IDN,4,2013,1,4
IDN,1,2014,1,4
IDN,2,2014,1,4
IDN,4,2014,1,4
IDN,1,2015,1,5
IDN,2,2015,1,5
IDN,4,2015,1,5
IDN,1,2016,1,5
IDN,2,2016,1,5
IDN,4,2016,1,5
IDN,1,2017,1,5
IDN,2,2017,1,5
IDN,4,2017,1,5
IND,1,1977,1,
IND,2,1977,1,
IND,4,1977,1,
IND,1,1983,1,0
IND,2,1983,1,0
IND,4,1983,1,0
IND,1,1987,1,1
IND,2,1987,1,1
IND,4,1987,1,1
IND,1,1993,1,2
IND,2,1993,1,2
IND,4,1993,1,2
IND,1,2004,1,2
IND,2,2004,1,2
IND,4,2004,1,2
IND,1,2009,1,2
IND,2,2009,1,2
IND,4,2009,1,2
IND,1,2011,1,2
IND,2,2011,1,2
IND,4,2011,1,2
IRL,3,2003,2,0
IRL,3,2004,2,0
IRL,3,2005,2,0
IRL,3,2006,2,0
IRL,3,2007,2,0
IRL,3,2008,2,0
IRL,3,2009,2,0
IRL,3,2010,2,0
IRL,3,2011,2,0
IRL,3,2012,2,0
IRL,3,2013,2,0
IRL,3,2014,2,0
IRL,3,2015,2,0
IRN,3,1986,1,0
IRN,3,1990,1,0
IRN,3,1994,1,0
IRN,3,1998,1,0
IRN,3,2005,1,1
IRN,3,2006,1,1
IRN,3,2009,1,1
IRN,3,2013,1,1
IRN,3,2014,1,1
IRN,3,2015,1,1
IRN,3,2016,1,1
IRQ,3,2006,1,0
IRQ,3,2012,1,0
ISL,3,2003,2,0
ISL,3,2004,2,0
ISL,3,2005,2,0
ISL,3,2006,2,0
ISL,3,2007,2,0
ISL,3,2008,2,0
ISL,3,2009,2,0
ISL,3,2010,2,0
ISL,3,2011,2,0
ISL,3,2012,2,0
ISL,3,2013,2,0
ISL,3,2014,2,0
ISR,3,1979,2,0
ISR,3,1986,2,0
ISR,3,1992,2,0
ISR,3,1997,2,0
ISR,3,2001,2,0
ISR,3,2005,2,0
ISR,3,2007,2,0
ISR,3,2010,2,0
ISR,3,2012,2,0
ISR,3,2014,2,0
ISR,3,2016,2,0
ITA,3,2003,2,0
ITA,3,2004,2,0
ITA,3,2005,2,0
ITA,3,2006,2,0
ITA,3,2007,2,0
ITA,3,2008,2,0
ITA,3,2009,2,0
ITA,3,2010,2,0
ITA,3,2011,2,0
ITA,3,2012,2,0
ITA,3,2013,2,0
ITA,3,2014,2,0
ITA,3,2015,2,0
JAM,3,1988,1,0
JAM,3,1990,1,1
JAM,3,1993,1,0
JAM,3,1996,1,1
JAM,3,1999,1,1
JAM,3,2002,1,1
JAM,3,2004,1,1
JOR,3,1986,1,0
JOR,3,1992,1,0
JOR,3,1997,1,0
JOR,3,2002,1,1
JOR,3,2006,1,2
JOR,3,2008,1,3
JOR,3,2010,1,3
JPN,3,2008,2,0
KAZ,3,1993,2,0
KAZ,3,1996,1,1
KAZ,3,2001,1,2
KAZ,3,2002,1,2
KAZ,3,2003,1,2
KAZ,3,2004,1,2
KAZ,3,2005,1,3
KAZ,3,2006,1,3
KAZ,3,2007,1,3
KAZ,3,2008,1,3
KAZ,3,2009,1,3
KAZ,3,2010,1,3
KAZ,3,2011,1,3
KAZ,3,2012,1,3
KAZ,3,2013,1,3
KAZ,3,2014,1,3
KAZ,3,2015,1,3
KAZ,3,2016,1,3
KAZ,3,2017,1,3
KEN,3,1992,1,0
KEN,3,1994,1,1
KEN,3,1997,1,2
KEN,3,2005,1,3
KEN,3,2015,1,3
KGZ,3,1998,1,1
KGZ,3,2000,1,1
KGZ,3,2001,1,1
KGZ,3,2002,1,1
KGZ,3,2003,1,1
KGZ,3,2004,1,2
KGZ,3,2005,1,2
KGZ,3,2006,1,2
KGZ,3,2007,1,2
KGZ,3,2008,1,2
KGZ,3,2009,1,2
KGZ,3,2010,1,2
KGZ,3,2011,1,2
KGZ,3,2012,1,2
KGZ,3,2013,1,2
KGZ,3,2014,1,2
KGZ,3,2015,1,2
KGZ,3,2016,1,2
KGZ,3,2017,1,2
KIR,3,2006,1,0
KOR,3,2006,2,0
KOR,3,2008,2,0
KOR,3,2010,2,0
KOR,3,2012,2,0
LAO,3,1992,1,0
LAO,3,1997,1,0
LAO,3,2002,1,0
LAO,3,2007,1,0
LAO,3,2012,1,0
LBN,3,2011,1,0
LBR,3,2007,1,0
LBR,3,2014,1,1
LBR,3,2016,1,1
LCA,3,1995,2,0
LCA,3,2016,2,1
LKA,3,1985,1,0
LKA,3,1990,1,1
LKA,3,1995,1,2
LKA,3,2002,1,3
LKA,3,2006,1,3
LKA,3,2009,1,3
LKA,3,2012,1,3
LKA,3,2016,1,3
LSO,3,1986,1,0
LSO,3,1994,1,1
LSO,3,2002,1,2
LSO,3,2010,1,3
LTU,3,1993,2,0
LTU,3,1996,1,1
LTU,3,1998,1,2
LTU,3,1999,1,2
LTU,3,2000,1,2
LTU,3,2001,1,2
LTU,3,2002,1,2
LTU,3,2003,1,2
LTU,3,2004,1,2
LTU,3,2004,2,3
LTU,3,2005,2,3
LTU,3,2006,2,3
LTU,3,2007,2,3
LTU,3,2008,1,2
LTU,3,2008,2,3
LTU,3,2009,2,3
LTU,3,2010,2,3
LTU,3,2011,2,3
LTU,3,2012,2,3
LTU,3,2013,2,3
LTU,3,2014,2,3
LTU,3,2015,2,3
LUX,3,2003,2,0
LUX,3,2004,2,0
LUX,3,2005,2,0
LUX,3,2006,2,0
LUX,3,2007,2,0
LUX,3,2008,2,0
LUX,3,2009,2,0
LUX,3,2010,2,0
LUX,3,2011,2,0
LUX,3,2012,2,0
LUX,3,2013,2,0
LUX,3,2014,2,0
LUX,3,2015,2,0
LVA,3,1993,2,0
LVA,3,1995,2,0
LVA,3,1996,2,0
LVA,3,1997,1,1
LVA,3,1998,1,1
LVA,3,2002,1,1
LVA,3,2003,1,1
LVA,3,2004,1,1
LVA,3,2004,2,2
LVA,3,2005,2,2
LVA,3,2006,2,2
LVA,3,2007,1,1
LVA,3,2007,2,2
LVA,3,2008,1,1
LVA,3,2008,2,2
LVA,3,2009,1,1
LVA,3,2009,2,2
LVA,3,2010,2,2
LVA,3,2011,2,2
LVA,3,2012,2,2
LVA,3,2013,2,2
LVA,3,2014,2,2
LVA,3,2015,2,2
MAR,3,1984,1,0
MAR,3,1990,1,0
MAR,3,1998,1,0
MAR,3,2000,1,1
MAR,3,2006,1,1
MAR,3,2013,1,1
MDA,3,1997,1,0
MDA,3,1998,1,0
MDA,3,1999,1,0
MDA,3,2000,1,0
MDA,3,2001,1,0
MDA,3,2002,1,0
MDA,3,2003,1,0
MDA,3,2004,1,0
MDA,3,2005,1,1
MDA,3,2006,1,2
MDA,3,2007,1,2
MDA,3,2008,1,2
MDA,3,2009,1,2
MDA,3,2010,1,2
MDA,3,2011,1,2
MDA,3,2012,1,2
MDA,3,2013,1,2
MDA,3,2014,1,2
MDA,3,2015,1,2
MDA,3,2016,1,2
MDA,3,2017,1,2
MDG,3,1980,1,0
MDG,3,1993,1,1
MDG,3,1997,1,2
MDG,3,1999,1,2
MDG,3,2001,1,3
MDG,3,2005,1,3
MDG,3,2010,1,3
MDG,3,2012,1,3
MDV,3,2002,1,0
MDV,3,2009,1,1
MEX,3,1984,1,0
MEX,3,1989,2,0
MEX,3,1992,1,
MEX,3,1992,2,0
MEX,3,1994,1,
MEX,3,1994,2,0
MEX,3,1996,1,
MEX,3,1996,2,0
MEX,3,1998,1,
MEX,3,1998,2,0
MEX,3,2000,1,
MEX,3,2000,2,0
MEX,3,2002,1,
MEX,3,2002,2,0
MEX,3,2004,1,
MEX,3,2004,2,0
MEX,3,2005,1,
MEX,3,2005,2,0
MEX,3,2006,1,
MEX,3,2006,2,0
MEX,3,2008,1,
MEX,3,2008,2,0
MEX,3,2010,1,
MEX,3,2010,2,0
MEX,3,2012,1,
MEX,3,2012,2,0
MEX,3,2014,1,
MEX,3,2014,2,0
MEX,3,2016,1,
MEX,3,2016,2,1
MKD,3,1998,1,0
MKD,3,2000,1,1
MKD,3,2002,1,1
MKD,3,2003,1,1
MKD,3,2004,1,1
MKD,3,2005,1,1
MKD,3,2006,1,1
MKD,3,2008,1,1
MKD,3,2009,2,2
MKD,3,2010,2,2
MKD,3,2011,2,2
MKD,3,2012,2,2
MKD,3,2013,2,2
MKD,3,2014,2,2
MKD,3,2015,2,2
MLI,3,1994,1,0
MLI,3,2001,1,1
MLI,3,2006,1,2
MLI,3,2009,1,2
MLT,3,2006,2,0
MLT,3,2007,2,0
MLT,3,2008,2,0
MLT,3,2009,2,0
MLT,3,2010,2,0
MLT,3,2011,2,0
MLT,3,2012,2,0
MLT,3,2013,2,0
MLT,3,2014,2,0
MLT,3,2015,2,0
MMR,3,2015,1,0
MNE,3,2005,1,0
MNE,3,2006,1,0
MNE,3,2007,1,0
MNE,3,2008,1,0
MNE,3,2009,1,0
MNE,3,2010,1,0
MNE,3,2011,1,0
MNE,3,2012,1,0
MNE,3,2013,1,0
MNE,3,2014,1,0
MNG,3,1995,1,0
MNG,3,1998,1,0
MNG,3,2002,1,1
MNG,3,2007,1,2
MNG,3,2010,1,3
MNG,3,2011,1,3
MNG,3,2012,1,3
MNG,3,2014,1,3
MNG,3,2016,1,3
MOZ,3,1996,1,0
MOZ,3,2002,1,0
MOZ,3,2008,1,0
MOZ,3,2014,1,0
MRT,3,1987,1,0
MRT,3,1993,1,1
MRT,3,1995,1,2
MRT,3,2000,1,3
MRT,3,2004,1,3
MRT,3,2008,1,3
MRT,3,2014,1,3
MUS,3,2006,1,0
MUS,3,2012,1,0
MWI,3,1997,1,0
MWI,3,2004,1,1
MWI,3,2010,1,1
MWI,3,2016,1,1
MYS,3,1984,2,0
MYS,3,1987,2,0
MYS,3,1989,2,0
MYS,3,1992,2,0
MYS,3,1995,2,0
MYS,3,1997,2,0
MYS,3,2004,2,1
MYS,3,2007,2,1
MYS,3,2008,2,1
MYS,3,2011,2,1
MYS,3,2013,2,1
MYS,3,2015,2,1
NAM,3,1993,2,0
NAM,3,2003,1,1
NAM,3,2009,1,1
NAM,3,2015,1,1
NER,3,1992,1,0
NER,3,1994,1,1
NER,3,2005,1,2
NER,3,2007,1,3
NER,3,2011,1,4
NER,3,2014,1,4
NGA,3,1985,1,0
NGA,3,1992,1,1
NGA,3,1996,1,2
NGA,3,2003,1,3
NGA,3,2009,1,3
NIC,3,1993,1,
NIC,3,1993,2,0
NIC,3,1998,1,
NIC,3,1998,2,0
NIC,3,2001,1,
NIC,3,2001,2,0
NIC,3,2005,1,
NIC,3,2005,2,1
NIC,3,2009,2,1
NIC,3,2014,2,1
NLD,3,2004,2,0
NLD,3,2005,2,0
NLD,3,2006,2,0
NLD,3,2007,2,0
NLD,3,2008,2,0
NLD,3,2009,2,0
NLD,3,2010,2,0
NLD,3,2011,2,0
NLD,3,2012,2,0
NLD,3,2013,2,0
NLD,3,2014,2,0
NLD,3,2015,2,0
NOR,3,2003,2,0
NOR,3,2004,2,0
NOR,3,2005,2,0
NOR,3,2006,2,0
NOR,3,2007,2,0
NOR,3,2008,2,0
NOR,3,2009,2,0
NOR,3,2010,2,0
NOR,3,2011,2,0
NOR,3,2012,2,0
NOR,3,2013,2,0
NOR,3,2014,2,0
NOR,3,2015,2,0
NPL,3,1984,2,0
NPL,3,1995,1,1
NPL,3,2003,1,1
NPL,3,2010,1,2
PAK,3,1987,1,0
PAK,3,1990,1,0
PAK,3,1996,1,0
PAK,3,1998,1,0
PAK,3,2001,1,0
PAK,3,2004,1,1
PAK,3,2005,1,1
PAK,3,2007,1,1
PAK,3,2010,1,1
PAK,3,2011,1,1
PAK,3,2013,1,1
PAK,3,2015,1,1
PAN,3,1979,2,0
PAN,3,1989,2,1
PAN,3,1991,2,2
PAN,3,1995,2,3
PAN,3,1997,2,3
PAN,3,1998,2,3
PAN,3,1999,2,3
PAN,3,2000,2,3
PAN,3,2001,2,4
PAN,3,2002,2,4
PAN,3,2003,2,4
PAN,3,2004,2,4
PAN,3,2005,2,4
PAN,3,2006,2,4
PAN,3,2007,2,4
PAN,3,2008,2,5
PAN,3,2009,2,5
PAN,3,2010,2,5
PAN,3,2011,2,5
PAN,3,2012,2,5
PAN,3,2013,2,5
PAN,3,2014,2,5
PAN,3,2015,2,5
PAN,3,2016,2,5
PAN,3,2017,2,5
PER,3,1985,1,0
PER,3,1994,1,0
PER,3,1997,2,1
PER,3,1998,2,1
PER,3,1999,2,1
PER,3,2000,2,2
PER,3,2001,2,2
PER,3,2002,2,2
PER,3,2003,2,2
PER,3,2004,2,3
PER,3,2005,2,3
PER,3,2006,2,3
PER,3,2007,2,3
PER,3,2008,2,3
PER,3,2009,2,3
PER,3,2010,2,3
PER,3,2011,2,3
PER,3,2012,2,3
PER,3,2013,2,3
PER,3,2014,2,3
PER,3,2015,2,3
PER,3,2016,2,3
PER,3,2017,2,3
PHL,3,1985,1,0
PHL,3,1988,1,0
PHL,3,1991,1,0
PHL,3,1994,1,0
PHL,3,1997,1,1
PHL,3,2000,1,2
PHL,3,2000,2,2
PHL,3,2003,1,3
PHL,3,2003,2,3
PHL,3,2006,1,3
PHL,3,2006,2,3
PHL,3,2009,1,3
PHL,3,2009,2,3
PHL,3,2012,1,3
PHL,3,2012,2,3
PHL,3,2015,1,3
PHL,3,2015,2,3
PNG,3,1996,1,0
PNG,3,2009,1,1
POL,3,1985,2,0
POL,3,1987,2,0
POL,3,1989,2,0
POL,3,1993,1,1
POL,3,1996,1,1
POL,3,1998,1,2
POL,3,1999,1,2
POL,3,2000,1,2
POL,3,2001,1,2
POL,3,2002,1,2
POL,3,2003,1,2
POL,3,2004,1,2
POL,3,2004,2,3
POL,3,2005,1,2
POL,3,2005,2,3
POL,3,2006,1,2
POL,3,2006,2,3
POL,3,2007,1,2
POL,3,2007,2,3
POL,3,2008,1,2
POL,3,2008,2,3
POL,3,2009,1,2
POL,3,2009,2,3
POL,3,2010,1,2
POL,3,2010,2,3
POL,3,2011,1,2
POL,3,2011,2,3
POL,3,2012,1,2
POL,3,2012,2,3
POL,3,2013,1,2
POL,3,2013,2,3
POL,3,2014,1,2
POL,3,2014,2,3
POL,3,2015,1,2
POL,3,2015,2,3
POL,3,2016,1,2
PRT,3,2003,2,0
PRT,3,2004,2,0
PRT,3,2005,2,0
PRT,3,2006,2,0
PRT,3,2007,2,0
PRT,3,2008,2,0
PRT,3,2009,2,0
PRT,3,2010,2,0
PRT,3,2011,2,0
PRT,3,2012,2,0
PRT,3,2013,2,0
PRT,3,2014,2,0
PRT,3,2015,2,0
PRY,3,1990,2,0
PRY,3,1995,2,0
PRY,3,1997,2,1
PRY,3,1999,2,2
PRY,3,2001,2,3
PRY,3,2002,2,4
PRY,3,2003,2,5
PRY,3,2004,2,5
PRY,3,2005,2,5
PRY,3,2006,2,5
PRY,3,2007,2,5
PRY,3,2008,2,5
PRY,3,2009,2,5
PRY,3,2010,2,5
PRY,3,2011,2,5
PRY,3,2012,2,5
PRY,3,2013,2,5
PRY,3,2014,2,5
PRY,3,2015,2,5
PRY,3,2016,2,5
PRY,3,2017,2,5
PSE,3,2004,1,0
PSE,3,2005,1,0
PSE,3,2006,1,0
PSE,3,2007,1,0
PSE,3,2009,1,0
PSE,3,2010,1,0
PSE,3,2011,1,0
PSE,3,2016,1,0
ROU,3,1989,2,0
ROU,3,1992,2,0
ROU,3,1994,2,0
ROU,3,1998,1,1
ROU,3,1999,1,2
ROU,3,2000,1,1
ROU,3,2001,1,2
ROU,3,2002,1,2
ROU,3,2003,1,2
ROU,3,2004,1,2
ROU,3,2005,1,2
ROU,3,2006,1,2
ROU,3,2006,2,3
ROU,3,2007,1,2
ROU,3,2007,2,3
ROU,3,2008,1,2
ROU,3,2008,2,3
ROU,3,2009,1,2
ROU,3,2009,2,3
ROU,3,2010,1,2
ROU,3,2010,2,3
ROU,3,2011,1,2
ROU,3,2011,2,3
ROU,3,2012,1,2
ROU,3,2012,2,3
ROU,3,2013,1,2
ROU,3,2013,2,3
ROU,3,2014,2,3
ROU,3,2015,2,3
ROU,3,2016,1,2
RUS,3,1993,1,1
RUS,3,1996,1,1
RUS,3,1997,1,3
RUS,3,1998,1,3
RUS,3,1999,1,3
RUS,3,2000,1,3
RUS,3,2001,1,2
RUS,3,2002,1,3
RUS,3,2003,1,3
RUS,3,2004,1,3
RUS,3,2005,1,3
RUS,3,2006,1,3
RUS,3,2007,1,3
RUS,3,2008,1,3
RUS,3,2009,1,3
RUS,3,2010,1,3
RUS,3,2011,1,3
RUS,3,2012,1,3
RUS,3,2013,1,3
RUS,3,2014,1,3
RUS,3,2015,1,3
RWA,3,1984,1,0
RWA,3,2000,1,1
RWA,3,2005,1,1
RWA,3,2010,1,1
RWA,3,2013,1,1
RWA,3,2016,1,1
SDN,3,2009,1,0
SEN,3,1991,1,0
SEN,3,1994,1,1
SEN,3,2001,1,2
SEN,3,2005,1,3
SEN,3,2011,1,3
SLB,3,2005,1,0
SLB,3,2013,1,1
SLE,3,1989,1,0
SLE,3,2003,1,1
SLE,3,2011,1,1
SLV,3,1989,2,0
SLV,3,1991,2,1
SLV,3,1995,2,1
SLV,3,1996,2,1
SLV,3,1998,2,1
SLV,3,1999,2,1
SLV,3,2000,2,1
SLV,3,2001,2,1
SLV,3,2002,2,1
SLV,3,2003,2,1
SLV,3,2004,2,1
SLV,3,2005,2,1
SLV,3,2006,2,1
SLV,3,2007,2,1
SLV,3,2008,2,1
SLV,3,2009,2,1
SLV,3,2010,2,1
SLV,3,2011,2,1
SLV,3,2012,2,1
SLV,3,2013,2,1
SLV,3,2014,2,1
SLV,3,2015,2,1
SLV,3,2016,2,1
SLV,3,2017,2,1
SRB,3,2002,1,0
SRB,3,2003,1,1
SRB,3,2004,1,1
SRB,3,2005,1,1
SRB,3,2006,1,1
SRB,3,2007,1,1
SRB,3,2008,1,1
SRB,3,2009,1,1
SRB,3,2010,1,1
SRB,3,2012,2,2
SRB,3,2013,1,1
SRB,3,2013,2,2
SRB,3,2014,2,2
SRB,3,2015,1,1
SRB,3,2015,2,2
SSD,3,2009,1,0
STP,3,2000,1,0
STP,3,2010,1,1
SUR,3,1999,2,0
SVK,3,1996,2,0
SVK,3,2004,1,1
SVK,3,2004,2,2
SVK,3,2005,1,1
SVK,3,2005,2,2
SVK,3,2006,1,1
SVK,3,2006,2,2
SVK,3,2007,1,1
SVK,3,2007,2,2
SVK,3,2008,1,1
SVK,3,2008,2,2
SVK,3,2009,1,1
SVK,3,2009,2,2
SVK,3,2010,2,2
SVK,3,2011,2,2
SVK,3,2012,2,2
SVK,3,2013,2,2
SVK,3,2014,2,2
SVK,3,2015,2,2
SVN,3,1993,2,0
SVN,3,1998,1,1
SVN,3,2002,1,2
SVN,3,2003,1,2
SVN,3,2004,2,3
SVN,3,2005,2,3
SVN,3,2006,2,3
SVN,3,2007,2,3
SVN,3,2008,2,3
SVN,3,2009,2,3
SVN,3,2010,2,3
SVN,3,2011,2,3
SVN,3,2012,2,3
SVN,3,2013,2,3
SVN,3,2014,2,3
SVN,3,2015,2,3
SWE,3,2003,2,0
SWE,3,2004,2,0
SWE,3,2005,2,0
SWE,3,2006,2,0
SWE,3,2007,2,0
SWE,3,2008,2,0
SWE,3,2009,2,0
SWE,3,2010,2,0
SWE,3,2011,2,0
SWE,3,2012,2,0
SWE,3,2013,2,0
SWE,3,2014,2,0
SWE,3,2015,2,0
SWZ,3,1994,1,0
SWZ,3,2000,1,1
SWZ,3,2009,1,1
SYC,3,1999,1,0
SYC,3,2006,1,1
SYC,3,2013,2,2
SYR,3,2004,1,0
TCD,3,2003,1,0
TCD,3,2011,1,0
TGO,3,2006,1,0
TGO,3,2011,1,0
TGO,3,2015,1,0
THA,3,1981,1,0
THA,3,1988,1,0
THA,3,1990,1,1
THA,3,1992,1,1
THA,3,1994,1,1
THA,3,1996,1,1
THA,3,1998,1,1
THA,3,1999,1,1
THA,3,2000,1,2
THA,3,2002,1,2
THA,3,2004,1,2
THA,3,2006,1,2
THA,3,2007,1,2
THA,3,2008,1,2
THA,3,2009,1,2
THA,3,2010,1,2
THA,3,2011,1,2
THA,3,2012,1,2
THA,3,2013,1,2
THA,3,2014,1,3
THA,3,2015,1,3
THA,3,2016,1,3
THA,3,2017,1,3
TJK,3,1999,1,0
TJK,3,2003,1,0
TJK,3,2004,1,1
TJK,3,2007,1,0
TJK,3,2009,1,0
TJK,3,2015,1,0
TKM,3,1998,1,0
TLS,3,2001,1,0
TLS,3,2007,1,0
TLS,3,2014,1,0
TON,3,2001,1,0
TON,3,2009,1,1
TON,3,2015,1,1
TTO,3,1988,2,0
TTO,3,1992,2,1
TUN,3,1985,1,0
TUN,3,1990,1,0
TUN,3,1995,1,1
TUN,3,2000,1,1
TUN,3,2005,1,2
TUN,3,2010,1,2
TUN,3,2015,1,2
TUR,3,1987,1,0
TUR,3,1994,1,0
TUR,3,2002,1,1
TUR,3,2003,1,1
TUR,3,2004,1,1
TUR,3,2005,1,1
TUR,3,2006,1,1
TUR,3,2007,1,1
TUR,3,2008,1,1
TUR,3,2009,1,1
TUR,3,2010,1,1
TUR,3,2011,1,1
TUR,3,2012,1,1
TUR,3,2013,1,1
TUR,3,2014,1,1
TUR,3,2015,1,1
TUR,3,2016,1,1
TUV,3,2010,1,0
TZA,3,1991,1,0
TZA,3,2000,1,1
TZA,3,2007,1,1
TZA,3,2011,1,1
UGA,3,1989,1,0
UGA,3,1992,1,1
UGA,3,1996,1,1
UGA,3,1999,1,1
UGA,3,2002,1,2
UGA,3,2005,1,2
UGA,3,2009,1,2
UGA,3,2012,1,2
UGA,3,2016,1,2
UKR,3,1992,1,0
UKR,3,1993,1,0
UKR,3,1995,1,1
UKR,3,1996,1,2
UKR,3,1999,2,3
UKR,3,2002,1,4
UKR,3,2003,1,4
UKR,3,2004,1,4
UKR,3,2005,1,4
UKR,3,2006,1,4
UKR,3,2007,1,4
UKR,3,2008,1,4
UKR,3,2009,1,4
UKR,3,2010,1,4
UKR,3,2011,1,4
UKR,3,2012,1,4
UKR,3,2013,1,4
UKR,3,2014,1,4
UKR,3,2015,1,4
UKR,3,2016,1,4
URY,3,1981,2,0
URY,3,1989,2,1
URY,2,1992,2,2
URY,2,1995,2,2
URY,2,1996,2,2
URY,2,1997,2,2
URY,2,1998,2,2
URY,2,2000,2,2
URY,2,2001,2,2
URY,2,2002,2,2
URY,2,2003,2,2
URY,2,2004,2,2
URY,2,2005,2,2
URY,3,2006,2,3
URY,3,2007,2,3
URY,3,2008,2,3
URY,3,2009,2,3
URY,3,2010,2,3
URY,3,2011,2,3
URY,3,2012,2,3
URY,3,2013,2,3
URY,3,2014,2,3
URY,3,2015,2,3
URY,3,2016,2,3
URY,3,2017,2,3
USA,3,1979,2,0
USA,3,1986,2,0
USA,3,1991,2,0
USA,3,1994,2,0
USA,3,1997,2,0
USA,3,2000,2,0
USA,3,2004,2,1
USA,3,2007,2,1
USA,3,2010,2,1
USA,3,2013,2,1
USA,3,2016,2,1
UZB,3,1998,1,0
UZB,3,2000,1,0
UZB,3,2002,1,0
UZB,3,2003,1,0
VEN,3,1981,2,0
VEN,3,1987,2,0
VEN,3,1989,2,1
VEN,3,1992,2,1
VEN,3,1995,2,1
VEN,3,1998,2,1
VEN,3,1999,2,1
VEN,3,2001,2,2
VEN,3,2002,2,2
VEN,3,2003,2,2
VEN,3,2004,2,2
VEN,3,2005,2,2
VEN,3,2006,2,2
VNM,3,1992,1,0
VNM,3,1998,1,0
VNM,3,2002,1,1
VNM,3,2004,1,1
VNM,3,2006,1,1
VNM,3,2008,1,1
VNM,3,2010,1,2
VNM,3,2012,1,2
VNM,3,2014,1,2
VNM,3,2016,1,2
VUT,3,2010,1,0
WSM,3,2002,1,0
WSM,3,2008,1,0
WSM,3,2013,1,0
XKX,3,2003,1,0
XKX,3,2005,1,0
XKX,3,2006,1,0
XKX,3,2009,1,0
XKX,3,2010,1,0
XKX,3,2011,1,0
XKX,3,2012,1,2
XKX,3,2013,1,2
XKX,3,2014,1,2
XKX,3,2015,1,2
XKX,3,2016,1,2
XKX,3,2017,1,2
YEM,3,1998,1,0
YEM,3,2005,1,1
YEM,3,2014,1,1
ZAF,3,1993,1,0
ZAF,3,1996,1,1
ZAF,3,2000,1,2
ZAF,3,2005,1,3
ZAF,3,2008,1,4
ZAF,3,2010,1,3
ZAF,3,2014,1,3
ZMB,3,1991,1,0
ZMB,3,1993,1,1
ZMB,3,1996,1,2
ZMB,3,1998,1,3
ZMB,3,2002,1,3
ZMB,3,2004,1,3
ZMB,3,2006,1,3
ZMB,3,2010,1,4
ZMB,3,2015,1,4
ZWE,3,2011,1,0
